slug_link,title,title_roman,title_english,language,date,show_on_website,poem_text,translation_english,transliteration,tags,audio,image,note
nodir-kache,নদীর কাছে,Nodir Kache,By the River,bn,2026-04-18,yes,"সন্ধ্যা নামে ধীরে নদীর বুকে
জলের ভাঁজে লুকোনো পুরোনো সুর

আমি বসে থাকি ঘাটের সিঁড়িতে
স্মৃতিরা ভাসে, চলে যায় বহুদূর","Evening comes down slowly on the river's breast,
an old tune hidden in the folds of the water.

I sit on the steps of the ghat
while memories drift, and travel far away.",,"প্রকৃতি, স্মৃতি",,,
lautna,लौटना,Lautna,Returning,hi,2025-08-30,yes,"शाम की गली में एक दीया जलता है
किसी के लौटने की आस लिये

मैं भी चलता हूँ उसी रास्ते पर
अपने ही पैरों के निशान लिये","In the evening lane a small lamp burns,
holding the hope that someone will return.

I walk that same road myself,
carrying the prints of my own feet.",,"घर वापसी, स्मृति",,,
mayer-haat,মায়ের হাত,Mayer Haat,My Mother's Hands,bn,2025-11-23,yes,"হলুদ শাড়ির ভাঁজে রোদের গন্ধ
উনুনের পাশে বসে থাকা দুপুর

সেই হাতে ছিল সমস্ত পৃথিবী
এখন কেবল ছবি, নিঃশব্দ, সুদূর","In the folds of a yellow sari, the smell of sunlight;
an afternoon spent sitting beside the stove.

Those hands once held the whole world.
Now only a photograph, silent, far away.",,"মা, স্মৃতি",audio/mayer-haat.mp3,,"A recording exists for this one, see the audio/ folder."
